,Name,Year,Languages,Countries,Genres,Budget,domestic_gross,domestic_percentage,foreign_gross,foreign_percentage,worldwide_gross
0,10 cloverfield lane,2016,english,united states,"drama, horror, sci-fi, thriller",5000000,72082999,0.6540098138582053,38134000,0.3459901861417947,110216999
1,12 monkeys,1995,english,united states,"mystery, sci-fi, thriller",29000000,57141459,0.338436638795437,111698000,0.6615633612045629,168839459
2,12 strong,2018,english,united states,"action, drama, history, war",35000000,45819713,0.6442738753125107,25298665,0.3557261246874894,71118378
5,13 sins,2014,english,united states,"horror, thriller",4000000,13809,0.0166994593143414,813104,0.9833005406856586,826913
7,2 guns,2013,english,united states,"action, comedy, thriller",61000000,75612460,0.5706901605341232,56880555,0.4293098394658767,132493015
8,20 feet from stardom,2013,english,united states,"biography, documentary, history, music",1000000,4946445,0.847085677765128,892923,0.152914322234872,5839368
10,21 bridges,2019,english,united states,"action, adventure, crime, drama, mystery, thriller",33000000,28539757,0.5714836978481894,21400000,0.4285163021518106,49939757
11,22 jump street,2014,english,united states,"action, comedy, crime",50000000,191719337,0.5786288420445123,139614539,0.4213711579554878,331333876
16,47 meters down: uncaged,2019,english,"united states,united kingdom","adventure, drama, horror, thriller",12000000,22260900,0.4678373462144105,25321663,0.5321626537855895,47582563
21,99 homes,2014,english,united states,"crime, drama",8000000,1411927,0.7722909346297406,416305,0.2277090653702593,1828232
22,a bad moms christmas,2017,english,united states,comedy,28000000,72110659,0.5523163496369665,58449769,0.4476836503630334,130560428
24,a cure for wellness,2016,english,"united states,germany,luxembourg","drama, fantasy, horror, mystery, sci-fi, thriller",40000000,8106986,0.3045449057441844,18513016,0.6954550942558156,26620002
28,a ghost story,2017,"english,spanish",united states,"drama, fantasy, mystery, romance",100000,1596371,0.8179458446889172,355312,0.1820541553110828,1951683
29,a haunted house,2013,english,united states,"comedy, fantasy, horror",2500000,40041683,0.6655910885288037,20117901,0.3344089114711963,60159584
30,a haunted house 2,2014,english,united states,"comedy, fantasy, horror",4000000,17329487,0.6833739656466059,8029230,0.3166260343533941,25358717
32,a madea family funeral,2019,english,united states,"comedy, drama",20000000,73257045,0.9800571856869222,1490680,0.0199428143130777,74747725
33,a million ways to die in the west,2014,english,united states,"comedy, western",40000000,43139300,0.4947343765417694,44057592,0.5052656234582306,87196892
34,a most violent year,2014,english,"united states,united arab emirates","crime, drama, thriller",20000000,5749134,0.4788123996945133,6257936,0.5211876003054867,12007070
36,a quiet place,2018,"english,american sign language",united states,"drama, horror, sci-fi",17000000,188024361,0.5514891576276522,152915000,0.4485108423723478,340939361
42,a very harold & kumar christmas,2011,english,united states,"adventure, comedy",19000000,35061031,0.96873011257081,1131744,0.0312698874291899,36192775
49,accidental love,2015,english,united states,"comedy, romance",26000000,24487,0.5,24487,0.5,48974
51,action point,2018,english,united states,comedy,19000000,5059608,0.9913679645384108,44055,0.008632035461589,5103663
53,adaptation.,2002,english,united states,"comedy, drama",19000000,22498520,0.6859059583021619,10302653,0.314094041697838,32801173
69,alien resurrection,1997,english,united states,"action, horror, sci-fi",75000000,47795658,0.2961756244043843,113580411,0.7038243755956157,161376069
71,alien: covenant,2017,english,"united kingdom,united states","horror, sci-fi, thriller",97000000,74262031,0.3082796608533269,166629732,0.6917203391466731,240891763
72,alita: battle angel,2019,english,united states,"action, adventure, sci-fi, thriller",170000000,85838210,0.2119563803340547,319142333,0.7880436196659453,404980543
81,american assassin,2017,english,united states,"action, thriller",63000000,36249674,0.5306631489849091,32060466,0.4693368510150909,68310140
84,american hustle,2013,english,united states,"crime, drama",40000000,150117807,0.5976698133162692,101054000,0.4023301866837308,251171807
86,american sniper,2014,english,united states,"action, biography, drama, war",58000000,350126372,0.639352649729586,197500000,0.3606473502704139,547626372
87,american ultra,2015,english,united states,"action, comedy",28000000,14440985,0.4766626502985804,15855043,0.5233373497014197,30296028
90,an american haunting,2005,english,"united kingdom,canada,romania,united states","drama, horror, mystery, thriller",14000000,16298046,0.5503839861337937,13314091,0.4496160138662062,29612137
92,anchorman 2: the legend continues,2013,english,united states,comedy,50000000,127352707,0.7333914735997783,46296308,0.2666085264002217,173649015
94,angel has fallen,2019,english,united states,"action, thriller",40000000,69030436,0.470677113537069,77631541,0.529322886462931,146661977
98,annabelle comes home,2019,english,united states,"horror, mystery, thriller",30000000,74152591,0.3206562602362366,157100000,0.6793437397637634,231252591
99,annabelle: creation,2017,english,united states,"horror, mystery, thriller",15000000,102092201,0.3329902087104949,204500000,0.6670097912895051,306592201
101,anomalisa,2015,english,united states,"animation, comedy, drama, romance",8000000,3759286,0.6642686020816053,1900000,0.3357313979183946,5659286
104,arctic dogs,2019,english,"united states,canada,united kingdom,india","adventure, animation, comedy, family",50000000,5801249,0.5553989816558662,4643943,0.4446010183441338,10445192
110,atomic blonde,2017,"english,german,russian",united states,"action, thriller",30000000,51687870,0.5168062179279356,48326155,0.4831937820720643,100014025
112,austin powers in goldmember,2002,english,united states,"action, adventure, comedy, crime",63000000,213307889,0.7183564030084435,83630912,0.2816435969915565,296938801
114,avengers: endgame,2019,english,united states,"action, adventure, drama, sci-fi",356000000,858373000,-0.5739597570248686,1941066100,-1.2979134095844225,-1495528196
115,avengers: infinity war,2018,english,united states,"action, adventure, sci-fi",300000000,678815482,0.3313946589091205,1369544272,0.6686053410908794,2048359754
116,baahubali 2: the conclusion,2017,"telugu,tamil",india,"action, drama",30000000,20186659,0.0762613177502086,244517120,0.9237386822497914,264703779
117,baahubali: the beginning,2015,"telugu,tamil",india,"action, drama",40000000,6738000,0.2744822213490137,17810038,0.7255177786509863,24548038
118,baby driver,2017,english,"united states,united kingdom","action, crime, drama, music",34000000,107825862,0.472704444243318,120278323,0.527295555756682,228104185
121,bad boys for life,2020,english,united states,"action, comedy, crime, thriller",90000000,206305244,0.4837109200936343,220200000,0.5162890799063657,426505244
122,bad moms,2016,english,united states,comedy,20000000,113257297,0.615742711785835,70678777,0.3842572882141651,183936074
123,bad santa 2,2016,english,"canada,united kingdom,united states","comedy, crime, drama, mystery",26000000,17782178,0.7384849904905747,6297090,0.2615150095094253,24079268
126,bajrangi bhaijaan,2015,hindi,india,"action, adventure, comedy, drama",13000000,8178001,0.0671548038010402,113600346,0.9328451961989598,121778347
128,barbershop: the next cut,2016,english,united states,"comedy, drama",20000000,54030051,0.971238566723586,1600000,0.0287614332764138,55630051
129,batman v superman: dawn of justice,2016,english,united states,"action, adventure, sci-fi",250000000,330360194,0.3778307798856634,544000000,0.6221692201143365,874360194
130,battle los angeles,2011,english,united states,"action, adventure, sci-fi",70000000,83552429,0.3944513446113144,128266925,0.6055486553886856,211819354
139,ben is back,2018,english,united states,drama,13000000,3703184,0.365414392684418,6431020,0.634585607315582,10134204
140,better luck tomorrow,2002,english,united states,"crime, drama, romance",250000,3802390,0.998205409707904,6836,0.001794590292096,3809226
141,big eyes,2014,english,united states,"biography, crime, drama, romance",10000000,14482031,0.495058586137309,14771135,0.504941413862691,29253166
152,blackkklansman,2018,english,united states,"biography, comedy, crime, drama",15000000,49275340,0.5275685847008008,44125483,0.4724314152991992,93400823
153,blade runner 2049,2017,english,united states,"action, drama, mystery, sci-fi, thriller",185000000,92054159,0.3549316740549782,167303249,0.6450683259450218,259357408
159,blue jasmine,2013,english,united states,"comedy, drama, romance",18000000,33405481,0.3245974333161561,69508090,0.6754025666838439,102913571
164,bone tomahawk,2015,english,united states,"drama, horror, western",2000000,382579,0.5,382579,0.5,765158
165,boo 2! a madea halloween,2017,english,united states,"comedy, drama, horror, mystery",25000000,47319572,0.979013501322425,1014360,0.020986498677575,48333932
166,boo! a madea halloween,2016,english,united states,"comedy, drama, horror, mystery",20000000,73206343,0.9783367828744528,1621001,0.021663217125547,74827344
168,booksmart,2019,english,united states,comedy,6000000,22680962,0.908706695582186,2278645,0.0912933044178139,24959607
169,borat,2006,english,"united states,united kingdom",comedy,18000000,128505958,0.4894478843163994,134046935,0.5105521156836006,262552893
174,brick mansions,2014,english,"france,canada,united states","action, crime, thriller",28000000,20396829,0.2778056247060114,53024395,0.7221943752939886,73421224
175,bride & prejudice,2004,"english,hindi,punjabi","united kingdom,united states,france,india","comedy, drama, musical, romance",7000000,6605592,0.2672549930329772,18110848,0.7327450069670227,24716440
178,brightburn,2019,english,united states,"drama, horror, mystery, sci-fi",7000000,17300439,0.5207108853563983,15924215,0.4792891146436017,33224654
179,broken city,2013,english,united states,"crime fiction, thriller, drama",35000000,19701164,0.5671488941868917,15036035,0.4328511058131083,34737199
180,broken horses,2015,english,"united states,india","action, crime, drama, mystery, thriller",15000000,30288,0.5,30288,0.5,60576
188,can you ever forgive me?,2018,english,united states,"biography, comedy, crime, drama",10000000,8803865,0.707583272712835,3638296,0.292416727287165,12442161
189,captain america: civil war,2016,english,united states,"action, sci-fi",250000000,408084349,0.3538417243486275,745211944,0.6461582756513724,1153296293
190,captain america: the winter soldier,2014,english,united states,"action, adventure, sci-fi, thriller",170000000,259766572,0.3636040781376089,454654931,0.6363959218623911,714421503
193,captain underpants: the first epic movie,2017,english,united states,"action, adventure, animation, comedy, family, sci-fi",38000000,73921000,0.5839962203820867,52656874,0.4160037796179133,126577874
194,captive state,2019,english,united states,"action, horror, sci-fi, thriller",25000000,5958315,0.6764193582847511,2850296,0.3235806417152488,8808611
196,cars 3,2017,english,united states,"adventure, animation, comedy, family, sport",175000000,152901115,0.3982519046356121,231029541,0.6017480953643879,383930656
197,catch me if you can,1989,english,united states,"action, drama, comedy",52000000,164615351,0.4628956786509155,191005491,0.5371043213490845,355620842
199,central intelligence,2016,english,united states,"action, comedy, crime",50000000,127440871,0.5867583757355522,89753934,0.4132416242644477,217194805
213,cirque du soleil: worlds away,2012,english,united states,fantasy,25000000,12512862,0.3663755745049329,21640239,0.633624425495067,34153101
215,close range,2015,"english, spanish",united states,"action, crime, thriller",3000000,248978,0.5,248978,0.5,497956
216,cloudy with a chance of meatballs 2,2013,english,united states,"adventure, animation, comedy, family, fantasy, sci-fi",78000000,119793567,0.4365771730276929,154599082,0.5634228269723072,274392649
217,coco before chanel,2009,"french,english","france,belgium","biography, drama",23000000,6113834,0.1203204286530669,44699100,0.8796795713469331,50812934
218,cold pursuit,2019,english,"norway,united states,united kingdom,canada,france,china,germany","action, comedy, crime, drama, thriller",60000000,32138862,0.4205569881766828,44280893,0.5794430118233171,76419755
219,collateral beauty,2016,english,united states,"drama, romance",36000000,31016021,0.3500046678918251,57600000,0.6499953321081748,88616021
231,criminal activities,2015,english,united states,"crime, drama, thriller",7000000,171494,0.5,171494,0.5,342988
232,crimson peak,2015,english,"united states,mexico,canada","drama, horror, mystery, romance, thriller",55000000,31090320,0.4147208845125074,43876534,0.5852791154874927,74966854
235,dallas buyers club,2013,english,united states,"biography, drama",5000000,27298285,0.4503787172292808,33313560,0.5496212827707192,60611845
242,dead man down,2013,"albanian,english,french,spanish",united states,"action, adventure, crime, drama, mystery, thriller",30000000,10895295,0.6027979468798623,7179244,0.3972020531201377,18074539
243,deadpool 2,2018,english,united states,"action, adventure, comedy, sci-fi",110000000,324591735,0.4126093267613324,462088822,0.5873906732386676,786680557
244,dear white people,2014,english,united states,"comedy, drama, romance",1250000,4404154,0.9504080850054628,229807,0.049591914994537,4633961
250,despicable me 3,2017,english,united states,"adventure, animation, comedy, crime, family, sci-fi",75000000,264624300,0.2557252136969475,770175109,0.7442747863030524,1034799409
254,die hard with a vengeance,1995,english,united states,"action, adventure, thriller",90000000,100012499,0.2731823105115288,266089167,0.7268176894884713,366101666
255,dirty grandpa,2016,english,united states,comedy,11500000,35593113,0.338728952879767,69485336,0.661271047120233,105078449
257,django unchained,2012,english,united states,"western, spaghetti western, drama",100000000,162805434,0.3618314052478422,287142889,0.6381685947521578,449948323
262,dolphin tale 2,2014,english,united states,"drama, family",36000000,42024533,0.7267595745217692,15800000,0.2732404254782308,57824533
263,don jon,2013,english,united states,"comedy, drama, romance",5500000,24477704,0.5931317383135484,16790875,0.4068682616864515,41268579
266,doogal,2006,"english,french","united kingdom,france","adventure, animation, comedy, family, fantasy",20000000,7578946,0.2701108378264216,20479706,0.7298891621735784,28058652
271,dracula untold,2014,english,united states,"action, drama, fantasy, horror",70000000,56280355,0.2552047543166855,164249843,0.7447952456833146,220530198
272,draft day,2014,english,united states,"drama, sport",25000000,28842237,0.9663206743081828,1005243,0.0336793256918172,29847480
273,dragon ball super: broly,2018,japanese,japan,"action, adventure, animation, family, fantasy, sci-fi",8500000,30712119,0.2653304615805149,85038326,0.7346695384194851,115750445
274,dragon wars: d-war,2007,"korean,english",south korea,"action, drama, fantasy, thriller",32000000,10977721,0.1461575543121655,64131096,0.8538424456878345,75108817
275,drinking buddies,2013,english,united states,"comedy, drama, romance",500000,343341,0.8542648427275487,58573,0.1457351572724513,401914
276,drive hard,2014,english,australia,"action, comedy, crime",12000000,267030,0.5,267030,0.5,534060
278,dumb and dumber,1994,english,united states,comedy,17000000,127190327,0.5143360378992907,120100000,0.4856639621007093,247290327
280,dumbo,2019,english,united states,"adventure, family, fantasy",170000000,114766307,0.3248550890076814,238518314,0.6751449109923185,353284621
286,edge of tomorrow,2014,english,united states,"action, adventure, sci-fi",178000000,100206256,0.2704321162013873,270335000,0.7295678837986127,370541256
290,emma.,2020,english,"united kingdom,united states","comedy, drama, romance",10000000,10055355,0.3877519218782464,15877089,0.6122480781217536,25932444
293,enough said,2013,english,united states,"comedy, drama, romance",8000000,17550872,0.6850070033119516,8070577,0.3149929966880483,25621449
295,escape from planet earth,2012,english,"canada,united states","adventure, animation, comedy, family, sci-fi",40000000,57012977,0.7607898852494921,17926212,0.2392101147505079,74939189
298,ever after: a cinderella story,1998,english,united states,"drama, romance",26000000,65705771,0.6704282893195175,32299895,0.3295717106804825,98005666
308,extraordinary mission,2017,mandarin,china,"action, crime",23000000,54200,0.002381602079991,22703590,0.997618397920009,22757790
310,eye see you,2002,english,united states,"crime, thriller",55000000,79161,0.0119355290549414,6553222,0.9880644709450586,6632383
311,fahrenheit 11/9,2018,english,united states,documentary,5000000,6352306,0.951774962811844,321862,0.0482250371881558,6674168
313,falcon rising,2014,english,united states,"action, adventure",4500000,11774,0.0440189026305163,255702,0.9559810973694836,267476
318,fast & furious 6,2013,english,"japan,united states,spain","action, thriller",160000000,238700000,0.302649930264993,550000000,0.697350069735007,788700000
319,fast & furious presents: hobbs & shaw,2019,english,"japan,united states","action, adventure, thriller",200000000,173956935,0.2286701798418016,586775991,0.7713298201581983,760732926
320,father figures,2017,english,united states,"comedy, drama",25000000,17501244,0.6809492956838976,8200000,0.3190507043161024,25701244
327,fighting with my family,2019,english,"united kingdom,united states","biography, comedy, drama, sport",11000000,22958886,0.55318095446271,18544506,0.44681904553729,41503392
328,filly brown,2012,english,united states,"drama, music",2000000,2850357,0.9693736691911436,90054,0.0306263308088563,2940411
329,finding dory,2016,english,united states,"adventure, animation, comedy, family, fantasy",200000000,486295561,0.4727875989887168,542275328,0.5272124010112832,1028570889
330,fired up!,2009,english,united states,"comedy, sport",20000000,17231291,0.926458223628216,1367811,0.0735417763717839,18599102
331,fireflies in the garden,2008,english,united states,drama,8000000,70600,0.0105496234262606,6621582,0.9894503765737394,6692182
333,fist fight,2017,english,united states,comedy,25000000,32187017,0.7814845391692241,9000000,0.2185154608307758,41187017
334,five feet apart,2019,english,united states,"drama, romance",7000000,45729221,0.4940804042742129,46824988,0.505919595725787,92554209
335,flatliners,2017,english,united states,"drama, horror, mystery, sci-fi, thriller",19000000,16883115,0.3738655396198445,28275139,0.6261344603801555,45158254
341,following,1998,english,united kingdom,"crime, mystery, thriller",6000,48482,0.3846190461079554,77570,0.6153809538920445,126052
343,ford v ferrari,2019,english,united states,"action, biography, drama, sport",97600000,117624357,0.521596783549477,107883853,0.478403216450523,225508210
346,free birds,2013,english,united states,"adventure, animation, comedy, family, fantasy, history, sci-fi",55000000,55750480,0.5050453734292364,54636592,0.4949546265707636,110387072
348,friend request,2016,english,germany,"horror, mystery, thriller",9900000,3759078,0.3425006309570776,7216312,0.6574993690429224,10975390
352,fruitvale station,2013,english,united states,"biography, crime, drama, romance",900000,16101339,0.9261185114544432,1284491,0.0738814885455569,17385830
355,furious 7,2015,english,"united states,china","action, thriller",190000000,353007020,0.2324367694977784,1165715774,0.7675632305022216,1518722794
358,g.i. joe: retaliation,2013,english,united states,"thriller, science fiction, action, adventure",140000000,122523060,0.3260840743884802,253217645,0.6739159256115198,375740705
360,gangs of new york,1938,english,"united states,italy","crime fiction, drama",97000000,77812000,0.4015636810886234,115960504,0.5984363189113766,193772504
363,gentlemen broncos,2009,english,united states,"comedy, fantasy, sci-fi",10000000,113682,0.9594065422138204,4810,0.0405934577861796,118492
364,geostorm,2017,english,united states,"action, sci-fi, thriller",100000000,33700160,0.1518708233468601,188200000,0.8481291766531399,221900160
365,get hard,2015,english,united states,"comedy, crime, drama",40000000,90411453,0.808606368794796,21400000,0.191393631205204,111811453
367,get out,2017,english,united states,"horror, mystery, thriller",5000000,176040665,0.6892528282858708,79367304,0.3107471717141292,255407969
370,ghostbusters,2016,english,united states,"action, comedy, fantasy, sci-fi",144000000,128350574,0.5601220565744837,100796935,0.4398779434255163,229147509
372,girls trip,2017,english,united states,"adventure, comedy, drama",28000000,115171585,0.8171128518915611,25777838,0.1828871481084388,140949423
376,godzilla 2000,1999,japanese,japan,"action, adventure, drama, sci-fi, thriller",13000000,10037390,0.7766435369434519,2886673,0.223356463056548,12924063
383,goosebumps 2: haunted halloween,2018,english,united states,"adventure, comedy, fantasy, horror",35000000,46700633,0.5004333780038187,46619747,0.4995666219961813,93320380
386,grown ups 2,2013,english,united states,comedy,80000000,133668525,0.5411159599644744,113355283,0.4588840400355256,247023808
387,grudge match,2013,english,united states,"comedy, drama, sport",40000000,29807260,0.4269936966441599,40000000,0.57300630335584,69807260
390,hacksaw ridge,2016,english,"united states,australia","biography, drama, history, war",40000000,67209615,0.3722212095906176,113354021,0.6277787904093823,180563636
391,"hail, caesar!",2016,english,"united states,united kingdom","comedy, drama, mystery",22000000,30498085,0.4722634639928372,34080455,0.5277365360071627,64578540
393,halloween kills,2021,english,united states,"action, drama, horror, thriller",20000000,92002155,0.6895474564074562,41421809,0.3104525435925438,133423964
394,halloween: resurrection,2002,english,united states,"horror, thriller",15000000,30354442,0.8039965734363125,7400000,0.1960034265636875,37754442
398,hansel & gretel get baked,2013,english,united states,"comedy, horror",4500000,298688,0.5,298688,0.5,597376
399,hansel & gretel: witch hunters,2013,english,united states,"action, fantasy, horror",50000000,55703475,0.2460947062945495,170646274,0.7539052937054505,226349749
400,happy death day,2017,english,united states,"comedy, horror, mystery, thriller",5000000,55683845,0.4437692917330262,69795421,0.5562307082669737,125479266
401,happy death day 2u,2019,english,united states,"comedy, horror, mystery, sci-fi, thriller",9000000,28148130,0.4357285413198408,36452022,0.5642714586801592,64600152
405,hearts beat loud,2018,english,united states,"comedy, drama, music",2000000,2386251,0.9872106372548004,30914,0.0127893627451994,2417165
409,hell fest,2018,english,united states,"horror, mystery, thriller",5500000,11107431,0.6116113547048526,7053499,0.3883886452951473,18160930
414,herbie fully loaded,2005,english,united states,"adventure, comedy, family, fantasy, romance, sport",50000000,66023816,0.4580317334237893,78123000,0.5419682665762108,144146816
416,hey arnold! the movie,2002,english,united states,"adventure, animation, comedy, drama, family, thriller",10000000,13728902,0.9002967216610748,1520406,0.0997032783389252,15249308
418,hidden figures,2016,english,united states,"biography, drama, history",25000000,169607287,0.7188062245164792,66349611,0.2811937754835207,235956898
420,hitman: agent 47,2015,english,"united states,germany,singapore,united kingdom","action, adventure, crime, mystery, thriller",35000000,22467450,0.2728365455842483,59880206,0.7271634544157517,82347656
421,holmes & watson,2018,english,"united states,canada","comedy, crime, mystery",42000000,30573626,0.7291328654971653,11357862,0.2708671345028347,41931488
428,hoodwinked!,2005,english,united states,"adventure, animation, comedy, crime, family, musical, mystery",30000000,51386611,0.4670950978077015,58626556,0.5329049021922985,110013167
430,horrible bosses 2,2014,english,united states,"comedy, crime",40000000,54445357,0.5057845365313806,53200000,0.4942154634686194,107645357
433,hot tub time machine 2,2015,english,united states,"comedy, mystery, sci-fi",14000000,12314651,0.94136825695778,767000,0.0586317430422199,13081651
434,hotel artemis,2018,english,"united kingdom,united states","action, crime, drama, sci-fi, thriller",15000000,6708147,0.5038574520258674,6605434,0.4961425479741326,13313581
435,hotel transylvania 2,2015,english,united states,"adventure, animation, comedy, family, fantasy",80000000,169700110,0.3574138795282224,305099890,0.6425861204717775,474800000
436,hotel transylvania 3: summer vacation,2018,english,united states,"adventure, animation, comedy, family, fantasy",65000000,167510016,0.3169034394158304,361073758,0.6830965605841696,528583774
450,i heart huckabees,2004,english,"united states,united kingdom",comedy,22000000,12785432,0.6369730191630483,7286740,0.3630269808369518,20072172
452,i now pronounce you chuck & larry,2007,english,united states,"comedy, romance",85000000,120059556,0.6415695754719061,67074561,0.3584304245280939,187134117
453,i origins,2014,english,united states,"drama, mystery, romance, sci-fi",1000000,336472,0.6991858430617953,144762,0.3008141569382047,481234
455,"i, frankenstein",2014,english,united states,"action, fantasy, sci-fi",65000000,19075290,0.248372358971208,57725889,0.751627641028792,76801179
456,"i, tonya",2017,english,united states,"biography, comedy, drama, sport",11000000,30014539,0.5564503185868366,23924758,0.4435496814131634,53939297
463,incredibles 2,2018,english,united states,"action, adventure, animation, comedy, family, fantasy, sci-fi",200000000,608581744,0.4896838749469859,634223615,0.510316125053014,1242805359
464,independence day: resurgence,2016,english,united states,"action, adventure, sci-fi",165000000,103144286,0.2646883951651492,286537649,0.7353116048348508,389681935
471,insidious: chapter 3,2015,english,"united states,canada,united kingdom","horror, mystery, thriller",10000000,52218558,0.4621770277353437,60765331,0.5378229722646563,112983889
472,insidious: the last key,2018,english,united states,"horror, mystery, thriller",10000000,67745330,0.403520819190269,100140258,0.596479180809731,167885588
473,instant family,2018,english,united states,"comedy, drama",48000000,67363237,0.5587704028596588,53192964,0.4412295971403412,120556201
481,it chapter two,2019,english,united states,"drama, fantasy, horror",79000000,211622525,0.4472890505477413,261500000,0.5527109494522587,473122525
484,jab tak hai jaan,2012,hindi,india,"romance film, drama",9200000,3047539,0.4483021224903125,3750419,0.5516978775096875,6797958
487,jack reacher: never go back,2016,english,united states,"action, drama, thriller",60000000,58697076,0.3620012117962077,103449000,0.6379987882037922,162146076
488,jack ryan: shadow recruit,2014,english,united states,"action, drama, thriller",60000000,50577412,0.3732547087922616,84926336,0.6267452912077384,135503748
490,jackass number two,2006,english,united states,"action, comedy, documentary",11500000,72778712,0.8598094511341486,11866452,0.1401905488658513,84645164
491,jackass presents: bad grandpa,2013,english,united states,comedy,15000000,102003019,0.6339409890127667,58900000,0.3660590109872332,160903019
493,jeepers creepers 2,2003,english,united states,horror,17000000,35667218,0.5652252156826464,27435448,0.4347747843173535,63102666
497,john wick: chapter 3 - parabellum,2019,english,united states,"action, crime, thriller",75000000,171015687,0.5208344945075228,157333700,0.4791655054924771,328349387
498,johnny english strikes again,2018,english,"united kingdom,france,china,united states","action, adventure, comedy",25000000,4412170,0.0277545981155681,154558606,0.972245401884432,158970776
499,jojo rabbit,2019,english,"united states,new zealand,czech republic","comedy, drama, war",14000000,33370906,0.3561663947569631,60323801,0.6438336052430368,93694707
501,journey 2: the mysterious island,2012,english,united states,"family film, action, adventure",79000000,103860290,0.3097900142006081,231400000,0.6902099857993919,335260290
502,journey from the fall,2006,"vietnamese,english",united states,drama,1300000,641039,0.977302352243466,14888,0.0226976477565338,655927
506,jumanji: the next level,2019,english,united states,"action, adventure, comedy, fantasy",125000000,320314960,0.3995476932194655,481378969,0.6004523067805344,801693929
508,jupiter ascending,2015,english,"united states,australia","action, adventure, sci-fi",179000000,47482519,0.2575218044396063,136900000,0.7424781955603936,184382519
509,jurassic world,2015,english,united states,"action, adventure, sci-fi",215000000,652270625,0.3904875336802209,1018130012,0.6095124663197791,1670400637
510,jurassic world: fallen kingdom,2018,english,"china,united states","action, adventure, sci-fi",170000000,417719760,0.3192434036427567,890748184,0.6807565963572433,1308467944
512,just mercy,2019,english,united states,"biography, crime, drama",25000000,36001502,0.7072777930993077,14900000,0.2927222069006922,50901502
515,kabhi khushi kabhie gham...,2001,hindi,india,"drama, musical, romance",7500000,2902000,0.255991633254848,8434308,0.7440083667451519,11336308
516,kagemusha: the shadow warrior,1980,japanese,japan,"drama, history, war",6000000,4000000,0.995388365701704,18532,0.0046116342982959,4018532
519,kevin hart: let me explain,2013,english,united states,"comedy, documentary",2500000,32244051,0.9974261965638592,83204,0.0025738034361408,32327255
520,khiladi 786,2012,hindi,india,"comedy film, action",5600000,379466,0.4543986013567319,455629,0.5456013986432682,835095
523,kill bill: vol. 1,2003,"english,chinese,japanese",united states,"action, crime, thriller",30000000,70099045,0.3874886159158081,110807031,0.6125113840841918,180906076
524,kill bill: vol. 2,2004,english,united states,"action, crime, thriller",30000000,66208183,0.4295964465526703,87908974,0.5704035534473297,154117157
527,kingsman: the golden circle,2017,english,"united kingdom,united states","action, adventure, comedy, crime, thriller",104000000,100234838,0.2439381568182685,310667824,0.7560618431817314,410902662
528,kingsman: the secret service,2014,english,"united kingdom,united states","action, adventure, comedy, thriller",81000000,128261724,0.3095480763573644,286089822,0.6904519236426355,414351546
529,kissing jessica stein,2001,english,united states,"comedy, drama, romance",1000000,7025722,0.7016303314430709,2987702,0.2983696685569292,10013424
530,knives out,2019,english,united states,"comedy, crime, drama, mystery, thriller",40000000,165363234,0.5284893999934548,147534686,0.4715106000065452,312897920
531,kong: skull island,2017,english,united states,"action, adventure, fantasy, sci-fi",185000000,168052812,0.2955279714681161,400600000,0.7044720285318838,568652812
534,kung fu panda 3,2016,english,"united states,china","action, adventure, animation, comedy, family, fantasy",140000000,143528619,0.2753964959569638,377642206,0.7246035040430362,521170825
535,kung fu yoga,2017,"mandarin,english,hindi","china,hong kong","action, adventure, comedy, family, fantasy, mystery",65000000,363000,0.0014083777033417,257380359,0.9985916222966584,257743359
537,la la land,2016,english,united states,"comedy, drama, music, musical, romance",20000000,151101803,0.3377273227274287,296305892,0.6622726772725712,447407695
542,last vegas,2013,english,united states,comedy,28000000,63914167,0.4755431690419334,70488283,0.5244568309580666,134402450
559,logan lucky,2017,english,united states,"action, comedy, crime, drama",29000000,27780977,0.5733521169374292,20672628,0.4266478830625709,48453605
560,london has fallen,2016,english,united states,"action, thriller",60000000,62524260,0.303878049352683,143230187,0.696121950647317,205754447
561,lone survivor,2013,english,united states,"action, biography, drama, war",40000000,125095601,0.8080959161801814,29707311,0.1919040838198185,154802912
564,love & other drugs,2010,english,united states,"comedy, drama, romance",30000000,32367005,0.3147928659954976,70453003,0.6852071340045023,102820008
566,"love, simon",2018,english,united states,"comedy, drama, romance",10000000,40826341,0.615630663531248,25489948,0.384369336468752,66316289
570,machete kills,2013,"english,spanish",united states,action,20000000,8008161,0.4566388815172514,9529025,0.5433611184827486,17537186
571,mad max: fury road,2015,english,"australia,united states","action, adventure, sci-fi, thriller",150000000,153636354,0.4049067844458573,225800000,0.5950932155541427,379436354
577,maleficent: mistress of evil,2019,english,united states,"adventure, drama, family, fantasy, romance",185000000,113929605,0.2316913435817835,377800484,0.7683086564182164,491730089
580,mamma mia! here we go again,2018,english,"united kingdom,united states","comedy, musical, romance",75000000,120634935,0.3053703369967449,274409771,0.6946296630032551,395044706
581,manchester by the sea,2016,english,united states,drama,8500000,47695371,0.603829463124012,31292777,0.396170536875988,78988148
586,mary poppins returns,2018,english,united states,"adventure, comedy, family, fantasy, music, musical",130000000,171958438,0.4919599211865952,177579056,0.5080400788134047,349537494
590,maze runner: the scorch trials,2015,english,united states,"action, adventure, sci-fi, thriller",61000000,81697192,0.2616017411375826,230598864,0.7383982588624174,312296056
595,mechanic: resurrection,2016,english,united states,"action, adventure, thriller",40000000,21218403,0.1687621458536804,104511232,0.8312378541463196,125729635
596,meet the parents,1992,english,united states,comedy,55000000,166244045,0.5030928761327806,164200000,0.4969071238672193,330444045
597,men in black: international,2019,english,united states,"action, adventure, comedy, sci-fi",110000000,80001807,0.3151033365337787,173888894,0.6848966634662212,253890701
602,midsommar,2019,english,"united states,sweden","drama, horror, mystery, thriller",9000000,27426361,0.5712374384247534,20585830,0.4287625615752465,48012191
605,mile 22,2018,english,united states,"action, thriller",35000000,36108758,0.5445548836851989,30200000,0.4554451163148011,66308758
606,million dollar arm,2014,"english,hindi",united states,"biography, drama, family, sport",25000000,36457627,0.9293876145303892,2769953,0.0706123854696109,39227580
612,miss sloane,2016,english,"united states,france,canada,united kingdom",drama,18000000,3500605,0.3846165255880704,5600941,0.6153834744119295,9101546
613,mission: impossible - dead reckoning part one,2023,english,united states,"action, adventure, thriller",291000000,172135383,0.3016638601337936,398484455,0.6983361398662064,570619838
614,mission: impossible - fallout,2018,english,united states,"action, adventure, thriller",178000000,220159104,0.278098966239939,571498294,0.721901033760061,791657398
615,mission: impossible - ghost protocol,2011,english,united states,"action, adventure, thriller",145000000,209397903,0.3014162516921727,485315477,0.6985837483078273,694713380
616,mission: impossible - rogue nation,2015,english,united states,"action, adventure, thriller",150000000,195042377,0.2856856955218533,487674259,0.7143143044781466,682716636
618,mojin: the lost legend,2015,mandarin,china,"action, adventure, drama, fantasy, horror, mystery, thriller",37000000,1243810,0.0047955331868277,258124638,0.9952044668131724,259368448
619,moms' night out,2014,english,united states,comedy,5000000,10429707,0.9898216334964292,107249,0.0101783665035708,10536956
620,money monster,2016,english,united states,"action, crime, drama, mystery, thriller",27000000,41012075,0.438790932690619,52454020,0.561209067309381,93466095
627,mother!,2017,english,united states,"drama, horror, mystery",30000000,17800004,0.3998473482006278,26716995,0.6001526517993722,44516999
629,mr. deeds,2002,english,united states,"comedy, romance",50000000,126293452,0.7373958947223159,44976083,0.2626041052776841,171269535
630,mr. peabody & sherman,2014,english,united states,"adventure, animation, comedy, family, fantasy, history, sci-fi",145000000,111506430,0.4044512989807664,164191609,0.5955487010192336,275698039
631,mr. turner,2014,english,"united kingdom,france,germany","biography, drama, history",14000000,3958500,0.1784733260489224,18221285,0.8215266739510775,22179785
633,muppets most wanted,2014,english,united states,"adventure, comedy, crime, family, musical, mystery",55000000,51183113,0.6367396221641727,29200000,0.3632603778358272,80383113
635,my big fat greek wedding 2,2016,english,united states,"comedy, romance",18000000,59689605,0.6481198244129819,32406953,0.3518801755870181,92096558
636,my date with drew,2004,english,united states,documentary,1100,181041,0.6889713437607032,81729,0.3110286562392967,262770
637,my faraway bride,2006,"english,hindi","india,united states","comedy, drama, romance",2000000,29655,0.5,29655,0.5,59310
639,my name is khan,2012,"hindi,english","india,united states,united arab emirates,hong kong","comedy film, action, drama",8470000,4046336,0.0954934312417658,38326589,0.9045065687582342,42372925
644,neighbors 2: sorority rising,2016,english,united states,comedy,35000000,55455765,0.5093635724290587,53416891,0.4906364275709412,108872656
654,nocturnal animals,2016,english,united states,"drama, thriller",22500000,10663357,0.3291293556055569,21735324,0.6708706443944431,32398681
656,norm of the north,2016,english,united states,"adventure, animation, comedy, family",18000000,17062499,0.5551578157993254,13672003,0.4448421842006745,30734502
658,now you see me 2,2016,english,united states,"action, adventure, comedy, crime, mystery, thriller",90000000,65075540,0.1943147363077895,269822066,0.8056852636922105,334897606
660,obvious child,2014,english,united states,"comedy, drama, romance",1000000,3123963,0.9394199283879284,201454,0.0605800716120715,3325417
664,office christmas party,2016,english,united states,comedy,45000000,54767494,0.4783132984369024,59733805,0.5216867015630976,114501299
666,olympus has fallen,2013,english,united states,"action, thriller",70000000,98927592,0.572236264676514,73951336,0.427763735323486,172878928
669,one direction: this is us,2013,english,"united kingdom,united states","documentary, music",10000000,28873374,0.4212521395342689,39668412,0.5787478604657311,68541786
671,only lovers left alive,2013,english,"united kingdom,germany","comedy, drama, fantasy, horror, romance",7000000,1879534,0.2440645471850238,5821437,0.7559354528149762,7700971
680,oz the great and powerful,2013,english,united states,"adventure, family, fantasy",200000000,234911825,0.4761933793093242,258400000,0.5238066206906757,493311825
684,pain & gain,2013,english,united states,"comedy film, action, drama",26000000,49875291,0.5712728637672274,37430258,0.4287271362327725,87305549
688,paranormal activity,2007,english,united states,"horror, mystery",15000,107918810,0.5581358821405926,85436990,0.4418641178594074,193355800
689,paranormal activity: the ghost dimension,2015,english,united states,"horror, mystery",10000000,18300124,0.2319315519116835,60603000,0.7680684480883165,78903124
690,paranormal activity: the marked ones,2014,english,united states,"horror, mystery",5000000,32462372,0.3571027351300734,58442482,0.6428972648699265,90904854
698,patti cake$,2017,english,united states,"drama, music",1000000,800148,0.5397812671180202,682208,0.4602187328819798,1482356
699,paul blart: mall cop 2,2015,english,united states,"action, comedy, crime, family",38000000,71091594,0.6603917081928148,36559052,0.3396082918071852,107650646
704,percy jackson: sea of monsters,2013,english,"canada,united states","adventure, family, fantasy",90000000,68559554,0.3413308086903349,132300000,0.6586691913096651,200859554
710,piranha 3d,2010,english,united states,"comedy, horror",24000000,25003155,0.2988657325063686,58657005,0.7011342674936314,83660160
712,pitch perfect 2,2015,english,united states,"comedy, music",29000000,184296230,0.6407507349105817,103329238,0.3592492650894183,287625468
713,pitch perfect 3,2017,english,united states,"comedy, music",45000000,104897530,0.5647655668076543,80838882,0.4352344331923457,185736412
716,planes: fire & rescue,2014,english,united states,"adventure, animation, comedy, family, sport",50000000,59200000,0.3910171730515192,92200000,0.6089828269484808,151400000
726,pokémon: detective pikachu,2019,english,"united states,japan","adventure, comedy, family, mystery, sci-fi",150000000,144174568,0.3203433385199151,305888070,0.679656661480085,450062638
727,pokémon: the first movie - mewtwo strikes back,1998,japanese,japan,"action, adventure, animation, family, fantasy, sci-fi",30000000,85744662,0.5239685850553438,77900000,0.4760314149446561,163644662
729,popstar: never stop never stopping,2016,english,united states,"comedy, drama, music, musical",20000000,9639125,0.9957743928246496,40904,0.0042256071753504,9680029
733,premium rush,2012,english,united states,"thriller, action/adventure, action, crime thriller",35000000,20275446,0.6458546868157854,11117755,0.3541453131842146,31393201
736,project almanac,2015,english,united states,"drama, mystery, sci-fi, thriller",12000000,22348241,0.6728714310054836,10865000,0.3271285689945163,33213241
738,queen & slim,2019,english,united states,"crime, drama, romance",18000000,43808310,0.915838013133929,4025815,0.084161986866071,47834125
739,queen of katwe,2016,"english,luganda",united states,"biography, drama, sport",15000000,8874389,0.8559444248863083,1493561,0.1440555751136917,10367950
741,ralph breaks the internet,2018,english,united states,"adventure, animation, comedy, family, fantasy, sci-fi, sport",175000000,201091711,0.3799029052835511,328232251,0.6200970947164489,529323962
742,rambo: last blood,2019,"english,spanish",united states,"action, crime, thriller",50000000,44819352,0.4898806325514997,46671001,0.5101193674485003,91490353
745,reach me,2014,english,united states,"comedy, crime, drama",5000000,26013,0.5,26013,0.5,52026
750,red sparrow,2018,"english,russian",united states,"action, drama, thriller",69000000,46874505,0.3092544067024658,104698129,0.6907455932975342,151572634
751,red tails,2012,"english,german",united states,"adventure, history, historical fiction, period piece, drama, war film, action",58000000,49876377,0.9902885701636466,489121,0.0097114298363534,50365498
753,resident evil: the final chapter,2016,english,"germany,united kingdom,united states,france,canada,australia","action, horror, sci-fi",40000000,26830068,0.085926986791355,285412558,0.914073013208645,312242626
758,ride along 2,2016,english,united states,"action, comedy, crime",40000000,91221830,0.7286876653538437,33964631,0.2713123346461563,125186461
760,rio 2,2014,english,united states,"family film, adventure, comedy film, animation",130000000,131538435,0.2637197570572825,367242682,0.7362802429427175,498781117
768,rogue one: a star wars story,2016,english,united states,"action, adventure, sci-fi",200000000,532177324,0.5039284682810948,523879949,0.4960715317189051,1056057273
769,"roman j. israel, esq.",2017,english,united states,"crime, drama, thriller",22000000,11962778,0.9183868090091556,1063082,0.0816131909908443,13025860
772,rough night,2017,english,united states,comedy,20000000,22105643,0.466883031070653,25241640,0.533116968929347,47347283
773,rudderless,2014,english,united states,"comedy, drama, music",5000000,58293,0.1067346090535732,487856,0.8932653909464268,546149
774,rugrats in paris,2000,english,"united states,germany","adventure, animation, comedy, family, romance",30000000,76507756,0.7407001478181123,26783375,0.2592998521818877,103291131
777,run fatboy run,2007,english,"united kingdom,united states","comedy, romance, sport",10000000,6003262,0.1793146798249561,27475659,0.8206853201750439,33478921
778,runner runner,2013,english,united states,"crime, mystery, thriller",30000000,19316646,0.3082028994132358,43358449,0.6917971005867641,62675095
784,sausage party,2016,english,"united states,canada","adventure, animation, comedy, fantasy",19000000,97685686,0.6910439598566162,43673897,0.3089560401433838,141359583
785,saving mr. banks,2013,english,"australia,united kingdom,united states","biography, comedy, drama",35000000,83301580,0.7067362753909493,34566404,0.2932637246090507,117867984
787,saw 3d,2010,english,united states,"horror, mystery",17000000,45710178,0.3357328849939619,90440256,0.6642671150060381,136150434
788,scary movie v,2013,english,united states,"comedy, horror",20000000,32015787,0.4072530940775026,46598194,0.5927469059224975,78613981
799,sgt. stubby: an american hero,2018,english,"united states,ireland,canada,france","adventure, animation, family, history, war",25000000,4015935,0.8141463873493876,916759,0.1858536126506124,4932694
800,shark night,2011,english,united states,"action, horror, thriller",25000000,18877153,0.4563675252593884,22486774,0.5436324747406115,41363927
802,sherlock gnomes,2018,english,"united kingdom,united states","adventure, animation, comedy, family, fantasy, musical, mystery, romance",59000000,43242871,0.4778335110062039,47254907,0.522166488993796,90497778
809,silent hill: revelation,2012,english,"canada,france","horror, mystery, thriller",20000000,17529157,0.3166239257998683,37833548,0.6833760742001317,55362705
810,silver linings playbook,2012,english,united states,"comedy, drama, romance",21000000,132092958,0.5587394247797937,104319495,0.4412605752202063,236412453
817,sleight,2016,english,united states,"crime, drama, sci-fi",250000,3986245,0.999132767961541,3460,0.0008672320384589,3989705
820,smurfs: the lost village,2017,english,united states,"adventure, animation, comedy, family, fantasy",60000000,45020282,0.2278601285262766,152558304,0.7721398714737234,197578586
825,solo: a star wars story,2018,english,united states,"action, adventure, sci-fi",275000000,213767512,0.5437282960650774,179383835,0.4562717039349225,393151347
828,sorry to bother you,2018,english,united states,"comedy, drama, fantasy, sci-fi",3200000,17493096,0.9627086056695536,677611,0.0372913943304462,18170707
830,spider-man: far from home,2019,english,united states,"action, adventure, comedy, fantasy, sci-fi",160000000,391283774,0.3454496263875343,741395911,0.6545503736124657,1132679685
831,spider-man: homecoming,2017,english,united states,"action, adventure, sci-fi",175000000,334952829,0.3802312995286886,545965784,0.6197687004713113,880918613
832,spider-man: into the spider-verse,2018,english,united states,"action, adventure, animation, comedy, family, fantasy, sci-fi",90000000,190241310,0.4833336714494665,203361125,0.5166663285505335,393602435
836,spring breakers,2012,english,united states,"crime, drama, thriller",5000000,14124284,0.4411615433684405,17891843,0.5588384566315595,32016127
837,spring breakers,2013,english,united states,action,5000000,14124286,0.4452199806797858,17600000,0.5547800193202141,31724286
839,spy kids 3: game over,2003,english,united states,"action, adventure, comedy, family, sci-fi",38000000,111761982,0.5670270447925867,85339696,0.4329729552074133,197101678
842,star trek beyond,2016,english,united states,"action, adventure, sci-fi, thriller",185000000,158848340,0.462478528369268,184623476,0.537521471630732,343471816
843,star trek into darkness,2013,english,united states,"action, adventure, sci-fi",190000000,228778661,0.4894901057975789,238602923,0.5105098942024211,467381584
844,star trek: nemesis,2002,english,united states,"action, adventure, sci-fi, thriller",60000000,43254409,0.6423622889646576,24082061,0.3576377110353423,67336470
845,star wars: episode i - the phantom menace,1999,english,united states,"action, adventure, fantasy, sci-fi",115000000,487576624,0.4659052046107326,558938030,0.5340947953892674,1046514654
850,star wars: episode v - the empire strikes back,1980,english,united states,"action, adventure, fantasy, sci-fi",18000000,292753960,0.5322643599918275,257262126,0.4677356400081724,550016086
854,step up 3d,2010,english,united states,"drama, music, romance",30000000,42400223,0.2555937590529221,123488894,0.744406240947078,165889117
855,step up revolution,2012,english,united states,"drama, music, romance",33000000,35074677,0.2118646440952281,130477613,0.7881353559047718,165552290
856,still alice,2014,english,united states,drama,5000000,18754371,0.418818851031154,26024824,0.5811811489688459,44779195
862,strangerland,2015,english,"australia,france,ireland,united states","drama, mystery, thriller",10000000,17472,0.1572538183912804,93635,0.8427461816087195,111107
870,superhero movie,2008,english,united states,"action, comedy, sci-fi",35000000,26638520,0.3647798022142761,46387782,0.6352201977857238,73026302
874,swiss army man,2016,english,united states,"comedy, drama, fantasy, romance",3000000,4210454,0.8530955621323955,725047,0.1469044378676045,4935501
875,t2 trainspotting,2017,english,united kingdom,"comedy, crime, drama",18000000,2402004,0.0576272404711645,39279742,0.9423727595288356,41681746
876,ta ra rum pum,2007,hindi,india,"comedy, drama, family, romance, sport",7400000,872643,0.0572504675727444,14369905,0.9427495324272556,15242548
877,table 19,2017,english,united states,"comedy, drama, romance",5000000,3614896,0.7169547724381566,1427118,0.2830452275618433,5042014
880,taken 3,2014,"english,russian",france,"action, thriller",48000000,89256424,0.2733908932944662,237222717,0.7266091067055338,326479141
883,ted 2,2015,english,united states,comedy,68000000,81476385,0.3750970534179259,135737758,0.6249029465820741,217214143
884,teefa in trouble,2018,"urdu,punjabi",pakistan,"action, comedy, crime, musical, romance",1500000,324633,0.5,324633,0.5,649266
888,terminator genisys,2015,english,united states,"action, adventure, sci-fi, thriller",155000000,89760956,0.2037227313497485,350842581,0.7962772686502514,440603537
889,terminator: dark fate,2019,"english,spanish",united states,"action, adventure, sci-fi",185000000,62253077,0.2384085699803444,198866215,0.7615914300196556,261119292
891,that awkward moment,2014,english,united states,"comedy, romance",8000000,26068955,0.4912279693466735,27000000,0.5087720306533264,53068955
892,the 15:17 to paris,2018,english,united states,"biography, drama, thriller",30000000,36276286,0.6344638404809995,20900000,0.3655361595190006,57176286
893,the 33,2015,"english,spanish","united states,colombia,spain,chile","biography, drama, history",25000000,12227722,0.4305427521807109,16172993,0.5694572478192891,28400715
898,the age of adaline,2015,english,united states,"drama, fantasy, romance",30000000,42629776,0.6179613355665682,26354760,0.3820386644334319,68984536
899,the amazing spider-man 2,2014,english,united states,"action, adventure, sci-fi",200000000,203605622,0.2840217362807737,513260716,0.7159782637192262,716866338
900,the angry birds movie,2016,english,"finland,united states","action, adventure, animation, comedy, family",73000000,107509366,0.3051348653964007,244824563,0.6948651346035993,352333929
901,the angry birds movie 2,2019,english,"finland,united states","action, adventure, animation, comedy, family",65000000,41667116,0.2819307049722371,106124931,0.7180692950277628,147792047
903,the babadook,2014,english,australia,"drama, horror, mystery",2000000,964413,0.0902548363923857,9721031,0.9097451636076144,10685444
904,the belko experiment,2016,english,united states,"horror, thriller",5000000,10166820,0.9171997621932352,917810,0.0828002378067648,11084630
905,the best man holiday,2013,english,united states,"comedy, drama",17000000,70525195,0.9682777170703766,2310515,0.0317222829296234,72835710
911,the big sick,2017,english,united states,"comedy, drama, romance",5000000,42873127,0.7600057151381228,13538458,0.2399942848618772,56411585
912,the big wedding,2013,english,united states,"comedy, drama, romance",35000000,21819348,0.4690100112984922,24702789,0.5309899887015078,46522137
913,the birth of a nation,2016,"silent film,english",united states,"biography, drama, history",8500000,15861566,0.9453105425928224,917646,0.0546894574071774,16779212
920,the boss baby,2017,english,united states,"adventure, animation, comedy, family, fantasy",125000000,175003033,0.331466522870521,352962903,0.6685334771294791,527965936
921,the bounce back,2016,english,united states,"comedy, romance",3000000,321910,0.7638987764710349,99494,0.236101223528965,421404
922,the boxtrolls,2014,english,united states,"adventure, animation, comedy, family, fantasy",60000000,50837305,0.454122443099948,61108946,0.545877556900052,111946251
928,the brothers grimsby,2016,english,"united kingdom,united states","action, adventure, comedy, crime",35000000,6874837,0.2392804764672774,21856454,0.7607195235327225,28731291
929,the butler,2013,english,united states,"biography, drama",30000000,116632095,0.6577722562421046,60681700,0.3422277437578954,177313795
930,the bye bye man,2017,english,united states,"drama, fantasy, horror, mystery, thriller",7400000,22395806,0.7180967692836352,8791921,0.2819032307163648,31187727
934,the christmas candle,2013,english,"united kingdom,united states","drama, family",7000000,2258620,0.9119197343319436,218155,0.0880802656680562,2476775
938,the conjuring,2013,english,united states,"horror, mystery, thriller",20000000,137400141,0.4300546070510266,182094497,0.5699453929489734,319494638
939,the conjuring 2,2016,english,united states,"horror, mystery, thriller",40000000,102500000,0.3189172370877411,218900000,0.6810827629122589,321400000
940,the counselor,2013,english,"united kingdom,united states","action, adventure, crime, drama, mystery, thriller",25000000,16973715,0.2390349837670636,54035619,0.7609650162329363,71009334
941,the curse of downers grove,2015,english,united states,"drama, horror, mystery, thriller",2000000,33462,0.5,33462,0.5,66924
943,the d train,2015,english,united states,"comedy, drama",3000000,673151,0.8688285706910349,101629,0.1311714293089651,774780
945,the darkest minds,2018,english,united states,"action, adventure, drama, romance, sci-fi, thriller",34000000,12695691,0.3085794090808409,28446688,0.6914205909191591,41142379
951,the dilemma,1914,english,united states,"short film, silent film",70000000,48475290,0.6871359910890441,22071575,0.3128640089109558,70546865
952,the disappointments room,2016,english,united states,"drama, horror, thriller",15000000,2423468,0.4218365755503878,3321572,0.5781634244496122,5745040
954,the divergent series: insurgent,2015,english,united states,"action, adventure, sci-fi, thriller",110000000,130179072,0.4383096444159211,166823455,0.5616903555840789,297002527
957,the duff,2015,english,united states,"comedy, romance",8500000,34030343,0.7785527867653491,9679401,0.2214472132346508,43709744
960,the emoji movie,2017,english,united states,"adventure, animation, comedy, family, fantasy, sci-fi",50000000,86089513,0.3953110426725921,131687133,0.6046889573274078,217776646
962,the equalizer 2,2018,english,united states,"action, crime, thriller",77000000,102084362,0.5360077879947913,88368770,0.4639922120052087,190453132
963,the expendables 3,2014,english,united states,"action, adventure, comedy, crime, thriller",100000000,39322544,0.1831873095259991,175335033,0.8168126904740008,214657577
967,the favourite,2018,english,"ireland,united kingdom,united states","biography, comedy, drama, history",15000000,34366783,0.3582907279837574,61551923,0.6417092720162426,95918706
969,the fighter,1952,english,united states,"drama, black-and-white",11000000,93617009,0.7242401324041762,35645379,0.2757598675958237,129262388
970,the first purge,2018,english,united states,"action, horror, sci-fi, thriller",13000000,69488745,0.5070089026650968,67567517,0.4929910973349032,137056262
971,the florida project,2017,english,united states,drama,2000000,5904366,0.5389812953864364,5050311,0.4610187046135637,10954677
972,the fog,1923,english,united states,silent film,18000000,29550869,0.6396093740124765,16650563,0.3603906259875235,46201432
975,the gallows,2015,english,united states,"horror, mystery, thriller",100000,22764410,0.5298434215668271,20200000,0.4701565784331729,42964410
988,the good liar,2019,english,"united kingdom,united states","crime, drama, mystery, thriller",10000000,17156058,0.5067352495674482,16700000,0.4932647504325518,33856058
992,the grand budapest hotel,2014,english,"united states,germany","adventure, comedy, crime",31000000,59301324,0.342907210322403,113635617,0.657092789677597,172936941
994,the great new wonderful,2005,english,united states,"comedy, drama, romance",500000,150142,0.774055514311639,43826,0.2259444856883609,193968
996,the greatest movie ever sold,2011,english,united states,"comedy, documentary",1800000,638476,0.914395867376824,59773,0.0856041326231759,698249
997,the greatest showman,2017,english,united states,"biography, drama, musical",84000000,174340174,0.4007882900546513,260653009,0.5992117099453488,434993183
1005,the happytime murders,2018,english,united states,"action, comedy, crime, fantasy, horror, mystery, thriller",40000000,20706452,0.7527852737968532,6800000,0.2472147262031468,27506452
1007,the hateful eight,2015,english,united states,"crime, drama, mystery, thriller, western",62000000,54117416,0.3474407765114866,101642701,0.6525592234885135,155760117
1012,the homesman,2014,english,"united states,france","drama, western",16000000,2429989,0.6362192070473509,1389432,0.3637807929526491,3819421
1019,the hunger games: mockingjay - part 1,2014,english,united states,"action, adventure, sci-fi, thriller",125000000,337135885,0.4440908548161877,422023826,0.5559091451838123,759159711
1023,the hurricane heist,2018,english,united states,"action, adventure, crime, thriller",40000000,6115825,0.1880794155766195,26401423,0.8119205844233804,32517248
1027,the imitation game,2014,english,united states,"biography, drama, thriller, war",15000000,91125683,0.3901667990918894,142430025,0.6098332009081106,233555708
1032,the internship,2013,english,united states,comedy,58000000,44672764,0.4778201420421011,48820080,0.5221798579578989,93492844
1044,the legend of hercules,2014,english,united states,"action, adventure, fantasy",70000000,18848538,0.3075833315219594,42430914,0.6924166684780406,61279452
1046,the lego batman movie,2017,english,"australia,denmark,united states","action, adventure, animation, comedy, family, fantasy, sci-fi",80000000,175750384,0.563031131814978,136400000,0.436968868185022,312150384
1047,the lego movie,2014,english,"australia,denmark,united states","action, adventure, animation, comedy, family, fantasy, sci-fi",60000000,257784718,0.5507223544948118,210300000,0.4492776455051882,468084718
1048,the lego movie 2: the second part,2019,english,"australia,denmark,united states","adventure, animation, comedy, family, fantasy, musical, sci-fi",99000000,105806508,0.5501972299346208,86500000,0.4498027700653791,192306508
1049,the lego ninjago movie,2017,english,"denmark,united states","adventure, animation, comedy, drama, family, fantasy, sci-fi, thriller",70000000,59281555,0.4793079695674913,64400000,0.5206920304325087,123681555
1050,the life before her eyes,2007,english,united states,"drama, fantasy, mystery, thriller",13000000,303439,0.0418623740944665,6945051,0.9581376259055334,7248490
1055,the magnificent seven,2016,english,united states,"action, adventure, drama, western",90000000,93432655,0.5754637164638847,68927981,0.4245362835361152,162360636
1061,the meg,2018,english,united states,"action, horror, sci-fi, thriller",178000000,145443742,0.2746653553420409,384086973,0.725334644657959,529530715
1063,the monuments men,2014,english,"germany,united states","comedy, drama, war",70000000,78031620,0.4916841137495615,80671128,0.5083158862504384,158702748
1068,the neon demon,2016,english,"france,denmark,united states","horror, thriller",7500000,1333124,0.4337196213033152,1740576,0.5662803786966848,3073700
1069,the nice guys,2016,english,united states,"action, comedy, crime, thriller",50000000,36261763,0.5088530156067006,35000000,0.4911469843932994,71261763
1071,the november man,2014,english,"united states,united kingdom","action, adventure, crime, mystery, thriller",15000000,25018119,0.6307843803523475,14643800,0.3692156196476524,39661919
1073,the nut job,2014,english,"canada,south korea,united states","adventure, animation, comedy, crime, family",30000000,64251541,0.5243740900644478,58278428,0.4756259099355521,122529969
1076,the nutcracker: the untold story,2010,english,"united kingdom,russia,hungary","action, family, fantasy, musical",90000000,195459,0.0113784538158794,16982534,0.9886215461841206,17177993
1081,the peanut butter falcon,2019,english,united states,"adventure, comedy, drama",6200000,20457158,0.862730866865128,3254939,0.137269133134872,23712097
1082,the peanuts movie,2015,english,united states,"adventure, animation, comedy, drama, family",99000000,130178411,0.5205229035872095,119913199,0.4794770964127905,250091610
1085,the perfect wave,2014,english,"south africa,new zealand,indonesia","adventure, biography, drama, romance",4000000,111486,0.5,111486,0.5,222972
1088,the possession,2012,english,united states,"horror, mystery, thriller",14000000,49130588,0.5749864865748933,36315921,0.4250135134251067,85446509
1097,the purge: anarchy,2014,english,united states,"action, horror, sci-fi, thriller",9000000,71962800,0.6428973581136024,39972331,0.3571026418863975,111935131
1098,the purge: election year,2016,english,united states,"action, horror, sci-fi, thriller",10000000,79213375,0.6674216048101919,39472287,0.3325783951898082,118685662
1106,the second best exotic marigold hotel,2015,english,"united kingdom,united states","comedy, drama, romance",10000000,33078266,0.3659735574005514,57306040,0.6340264425994486,90384306
1107,the secret life of pets,2016,english,united states,"adventure, animation, comedy, family",75000000,368623860,0.4155896158945023,518366204,0.5844103841054977,886990064
1113,the shape of water,2017,"american sign language,english","united states,mexico","drama, fantasy, romance, sci-fi",19500000,63859435,0.3261615814275721,131931359,0.6738384185724279,195790794
1115,the skeleton twins,2014,english,united states,"comedy, drama, romance",1000000,5284309,0.9147720820407712,492331,0.0852279179592288,5776640
1116,the smurfs 2,2013,english,united states,"family film, fantasy, comedy, animation",110000000,71017784,0.2037535179958803,277529739,0.7962464820041197,348547523
1119,the spectacular now,2013,english,united states,"drama, romance",2500000,6854611,0.9907524523418136,63980,0.0092475476581864,6918591
1121,the spy who dumped me,2018,english,united states,"action, adventure, comedy",40000000,33600000,0.4456233421750663,41800000,0.5543766578249337,75400000
1129,the to do list,2013,english,united states,"comedy, romance",1500000,3491669,0.8931022540436403,417927,0.1068977459563596,3909596
1130,the transporter refueled,2015,english,"china,france","action, thriller",22000000,16029670,0.2207041557534269,56600000,0.779295844246573,72629670
1132,the twilight saga: breaking dawn - part 2,2012,english,united states,"adventure, drama, fantasy, romance",120000000,292324737,0.3444812889473965,556269211,0.6555187110526034,848593948
1133,the twilight saga: eclipse,2010,english,united states,"action, adventure, drama, fantasy, mystery, romance, thriller",68000000,300531751,0.4256203757903657,405571077,0.5743796242096343,706102828
1134,the twilight saga: new moon,2009,english,united states,"adventure, drama, fantasy, romance",50000000,296623634,0.4178813160655089,413203828,0.5821186839344911,709827462
1135,the upside,2017,english,united states,"comedy, drama",37500000,108252517,0.8601287358316453,17603663,0.1398712641683547,125856180
1136,the vatican tapes,2015,"english,aramaic",united states,"horror, thriller",13000000,1784763,0.1371231838561301,11231001,0.8628768161438698,13015764
1139,the water diviner,2014,"english,turkish","australia,united states","drama, history, war",22500000,4196641,0.1185604306352119,31200000,0.8814395693647881,35396641
1141,the wedding date,2005,english,united states,"comedy, romance",15000000,31726995,0.6736635006225342,15369211,0.3263364993774658,47096206
1142,the wedding ringer,2015,english,united states,"comedy, romance",23000000,64460211,0.8040280375608339,15711385,0.1959719624391661,80171596
1150,think like a man too,2014,english,united states,"comedy, romance",24000000,65182182,0.9287668241803232,4999246,0.0712331758196769,70181428
1151,this is 40,2012,english,united states,"comedy, drama, romance",35000000,67544505,0.7486546230351981,22676677,0.2513453769648019,90221182
1152,this is the end,2013,english,united states,"comedy, fantasy",32000000,101470202,0.8018880201289851,25068915,0.1981119798710149,126539117
1153,this is where i leave you,2014,english,united states,"comedy, drama",20000000,34296320,0.8304933708378858,7000000,0.1695066291621142,41296320
1154,thor: ragnarok,2017,english,united states,"action, adventure, comedy, fantasy, sci-fi",180000000,315058289,0.3689305947522533,538918837,0.6310694052477467,853977126
1156,"three billboards outside ebbing, missouri",2017,english,"united states,united kingdom","comedy, crime, drama",12000000,54513740,0.3403026925547397,105678175,0.6596973074452602,160191915
1157,tiger zinda hai,2017,hindi,india,"action, adventure, thriller",20470000,5600000,0.0640732265446224,81800000,0.9359267734553776,87400000
1159,to save a life,2009,english,united states,drama,500000,3777210,0.9875399621634,47658,0.0124600378365998,3824868
1162,top five,2014,english,united states,"comedy, romance",12000000,25317471,0.9693691628871725,800000,0.0306308371128276,26117471
1163,toy story 4,2019,english,united states,"adventure, animation, comedy, family, fantasy",200000000,434038008,0.4041919136523806,639803386,0.5958080863476194,1073841394
1167,transformers: age of extinction,2014,english,united states,"action, adventure, sci-fi",210000000,245439076,0.2223071154072968,858614996,0.7776928845927031,1104054072
1168,transformers: the last knight,2017,english,united states,"action, adventure, sci-fi",217000000,130168683,0.2150037564428463,475256474,0.7849962435571537,605425157
1176,tulip fever,2017,english,"united states,united kingdom","drama, history, romance",25000000,2455635,0.2667849342754327,6748914,0.7332150657245673,9204549
1177,two night stand,2014,english,united states,"comedy, romance",1600000,18612,0.037803758439427,473720,0.9621962415605728,492332
1178,uglydolls,2019,"english,spanish","united states,canada,china","adventure, animation, comedy, family, fantasy, musical",45000000,20150241,0.6209581309426947,12300000,0.3790418690573053,32450241
1180,uncle drew,2018,english,united states,"comedy, drama, sport",18000000,42469946,0.9101142039413588,4194468,0.0898857960586411,46664414
1183,underworld: blood wars,2016,english,"czech republic,united states","action, fantasy, horror, thriller",35000000,30353973,0.374309198589531,50739340,0.625690801410469,81093313
1186,unfriended,2014,english,united states,"horror, mystery, thriller",1000000,32482090,0.5165555088897331,30400000,0.4834444911102668,62882090
1187,unfriended: dark web,2018,english,united states,"horror, mystery, thriller",1000000,8866745,0.5533074691417846,7158242,0.4466925308582153,16024987
1188,unplanned,2019,english,united states,"biography, drama",6000000,19005109,0.8804643024617743,2580217,0.1195356975382257,21585326
1189,unsane,2018,english,united states,"drama, horror, mystery, thriller",1500000,7732899,0.5410042577794077,6560702,0.4589957422205922,14293601
1195,van wilder,2002,english,"germany,united states","comedy, romance",5000000,21305259,0.5566293964206801,16970224,0.4433706035793199,38275483
1199,veer zaara,2004,hindi,india,"drama, family, musical, romance",7000000,2938532,0.4386737492634735,3760141,0.5613262507365264,6698673
1204,wall·e,2008,english,united states,"adventure, animation, family, sci-fi",180000000,223808164,0.4243657028833755,303586398,0.5756342971166244,527394562
1209,"war, inc.",2008,english,united states,"action, comedy, thriller",10000000,580862,0.4481323639236405,715322,0.5518676360763596,1296184
1216,welcome to marwen,2018,english,united states,"biography, comedy, drama, fantasy, romance",45000000,10763520,0.8240651852074162,2297971,0.1759348147925838,13061491
1219,what men want,2019,english,united states,"comedy, fantasy, romance",20000000,54611903,0.7562268841987377,17604391,0.2437731158012622,72216294
1227,white boy rick,2018,english,united states,"crime, drama",30000000,24011188,0.925019922964793,1946294,0.074980077035207,25957482
1228,white house down,2013,english,united states,"action, drama, thriller",150000000,73103784,0.355967013294855,132262953,0.644032986705145,205366737
1229,why did i get married?,2007,english,united states,"comedy, drama, romance",15000000,55204525,0.9869551493185436,729653,0.0130448506814563,55934178
1230,why him?,2016,english,united states,comedy,38000000,60323786,0.5107738707976467,57778939,0.4892261292023533,118102725
1234,wild target,2010,"english,french","france,united kingdom","action, comedy, crime",8000000,108589,0.0310773366027942,3385565,0.9689226633972058,3494154
1239,wish i was here,2014,english,united states,"comedy, drama",6000000,3591299,0.6332993932400081,2079477,0.3667006067599919,5670776
1240,wish upon,2017,english,united states,"drama, fantasy, horror, mystery, thriller",12000000,14301505,0.6091619388819306,9175840,0.3908380611180693,23477345
1241,without men,2011,"english,spanish",united states,"comedy, drama",4700000,133933,0.5,133933,0.5,267866
1242,wolf warrior 2,2017,"mandarin,english",china,"action, adventure, drama, thriller, war",30100000,2721100,0.0031265316145722,867604339,0.9968734683854276,870325439
1245,wonder park,2019,english,"united states,spain","adventure, animation, comedy, drama, family, fantasy",100000000,45216793,0.3781961324402632,74342317,0.6218038675597368,119559110
1248,x-men: apocalypse,2016,english,united states,"action, adventure, sci-fi",178000000,155442489,0.285774485495812,388491616,0.7142255145041879,543934105
1249,x-men: dark phoenix,2019,english,united states,"action, adventure, sci-fi",200000000,65845974,0.2608350430858099,186597000,0.73916495691419,252442974
1250,x-men: days of future past,2014,english,"united states,united kingdom","action, adventure, sci-fi, thriller",200000000,233921534,0.3135485319465014,512124166,0.6864514680534985,746045700
1251,x2: x-men united,2003,english,united states,"action, sci-fi, thriller",110000000,214949694,0.5272102164562427,192761855,0.4727897835437573,407711549
1254,yeh jawaani hai deewani,2013,hindi,india,"comedy, drama, musical, romance",8300000,3827466,0.1234993884346304,27164315,0.8765006115653695,30991781
1256,yoga hosers,2016,english,united states,"action, comedy, horror, music, mystery, romance",5000000,36585,0.5,36585,0.5,73170
1257,you got served: beat the world,2011,english,canada,"hip hop movies, drama",10000000,933540,0.5,933540,0.5,1867080
1259,zathura: a space adventure,2005,english,united states,"action, adventure, comedy, family, fantasy, sci-fi",65000000,29258869,0.4495893028889887,35820235,0.5504106971110112,65079104
1260,zombieland: double tap,2019,english,united states,"action, comedy, horror",42000000,73123082,0.5954144160056023,49687317,0.4045855839943977,122810399
1261,zoolander 2,2016,english,united states,"action, adventure, comedy, mystery, romance",50000000,28848693,0.5085917377018754,27874000,0.4914082622981247,56722693
1262,zootopia,2016,english,united states,"action, adventure, animation, comedy, crime, family, mystery",150000000,341268248,0.3333400238709487,682515947,0.6666599761290513,1023784195
